node1,node2,sim_out,sim_in,sim_both,avg_del,avg_del_normed
1,2,0.125802,0.470100,61.882535,18.273779,0.065653
1,3,0.139620,0.784019,96.337052,97.631332,0.350765
1,4,0.130544,0.596225,65.610029,20.492442,0.073624
1,5,0.109956,0.481271,36.938615,16.443479,0.059077
1,6,0.105957,0.522676,35.095434,21.326930,0.076622
1,7,0.092990,0.425892,17.002604,13.910252,0.049976
1,8,0.105227,0.284412,15.734635,11.881057,0.042686
1,9,0.055938,0.091568,6.354131,4.848293,0.017419
1,10,0.291769,0.473702,30.640935,26.356090,0.094691
1,11,0.168848,0.710958,55.325882,29.751904,0.106891
1,12,0.166538,0.706074,56.908038,33.905486,0.121814
1,13,0.162490,0.550682,36.680524,15.966533,0.057364
1,14,0.161182,0.612113,48.539402,37.481032,0.134660
1,15,0.169968,0.671331,42.040810,16.124961,0.057933
1,16,0.172887,0.692704,45.350296,19.188924,0.068941
1,17,0.177254,0.688128,43.714442,19.349703,0.069519
1,18,0.159232,0.690167,56.689137,20.000475,0.071857
1,19,0.189044,0.726423,51.198424,42.773463,0.153674
1,20,0.221497,0.735189,49.982303,40.266790,0.144668
1,21,0.160777,0.704973,60.774227,26.948565,0.096819
1,22,0.228452,0.773636,60.807874,52.064326,0.187054
1,23,0.280841,0.687560,41.524629,35.037460,0.125881
1,24,0.465005,0.727199,54.169272,62.232632,0.223586
1,25,0.451522,0.661902,28.283410,16.700927,0.060002
1,26,0.183052,0.683775,53.045920,60.642412,0.217873
1,27,0.145697,0.754815,169.298576,23.838151,0.085644
1,28,0.736015,0.745814,83.719916,60.127667,0.216024
1,29,1.097860,0.703269,67.686046,46.669550,0.167672
1,30,1.055359,0.787337,105.646752,78.990399,0.283793
1,31,0.178906,0.705359,44.692423,17.964627,0.064542
1,32,0.173127,0.699774,47.905732,19.813226,0.071184
1,33,0.199920,0.736782,50.073257,27.938567,0.100376
1,34,0.181994,0.715528,48.274561,23.451496,0.084255
1,35,0.195470,0.701877,37.797548,21.469555,0.077135
1,36,0.176666,0.706239,47.846416,28.124343,0.101044
1,37,0.175631,0.746699,57.845640,39.359372,0.141408
1,38,0.205674,0.766851,58.057516,47.482009,0.170591
1,39,0.162655,0.913696,54.231835,28.654885,0.102950
1,40,0.209272,0.705822,39.098428,18.578575,0.066748
1,41,0.205528,0.751069,36.259768,22.058823,0.079252
1,42,0.236791,0.760398,54.157280,40.017856,0.143774
1,43,0.390171,0.833074,104.284719,96.017520,0.344967
1,44,0.147442,0.688290,165.268084,23.013311,0.082681
1,45,0.147895,0.734289,115.918132,51.990882,0.186790
1,46,0.164414,0.871938,130.295191,99.831320,0.358669
1,47,0.432998,0.861494,119.781244,125.807009,0.451993
1,48,0.152288,0.865438,77.826355,27.367750,0.098325
2,3,0.227947,0.601785,90.354885,89.907291,0.323014
2,4,0.031155,0.276993,21.096071,16.868382,0.060604
2,5,0.185507,0.363170,53.408257,14.665816,0.052691
2,6,0.250177,0.375717,56.434224,16.390945,0.058889
2,7,0.448304,0.548040,61.825020,25.363878,0.091126
2,8,0.537296,0.426077,63.062057,15.113650,0.054300
2,9,0.565474,0.508341,65.428983,21.366969,0.076766
2,10,0.791259,0.611824,77.063760,27.397809,0.098433
2,11,0.334933,0.699013,88.475632,32.070720,0.115222
2,12,0.322531,0.697316,89.521149,33.691084,0.121044
2,13,0.375450,0.670398,78.014951,21.301314,0.076530
2,14,0.326989,0.659310,85.139808,34.314919,0.123285
2,15,0.356578,0.719359,80.488579,24.071870,0.086484
2,16,0.353992,0.708039,82.142823,25.234519,0.090661
2,17,0.378103,0.705687,81.317636,24.941381,0.089608
2,18,0.265529,0.705571,88.979533,24.564039,0.088252
2,19,0.431050,0.705726,85.667226,38.711913,0.139082
2,20,0.554931,0.710162,84.932686,37.242422,0.133803
2,21,0.262998,0.699903,91.668447,27.436578,0.098573
2,22,0.568302,0.735757,91.703610,48.076675,0.172727
2,23,0.728239,0.689736,80.542087,32.514294,0.116816
2,24,0.942380,0.713609,88.237166,56.723281,0.203792
2,25,0.935796,0.741635,74.313905,27.984088,0.100540
2,26,0.444454,0.691088,87.957617,55.187337,0.198274
2,27,0.156924,0.822806,182.166845,33.623012,0.120799
2,28,1.021718,0.772812,113.852048,64.718622,0.232518
2,29,1.032810,0.743996,101.475882,52.986322,0.190367
2,30,1.035684,0.803749,132.036467,82.065115,0.294839
2,31,0.362559,0.725523,81.793234,26.100816,0.093774
2,32,0.338555,0.709462,83.665415,25.636293,0.092105
2,33,0.456492,0.711318,84.856037,32.471879,0.116663
2,34,0.375807,0.706543,83.804797,31.143716,0.111892
2,35,0.462937,0.733005,78.311428,32.357467,0.116252
2,36,0.371651,0.700803,83.630167,27.765232,0.099753
2,37,0.343289,0.716343,89.665868,36.591531,0.131464
2,38,0.479055,0.729249,89.797414,43.665486,0.156879
2,39,0.267325,0.938413,87.362449,40.621218,0.145942
2,40,0.493119,0.721663,78.871278,26.725217,0.096017
2,41,0.478705,0.796417,77.505159,33.692325,0.121048
2,42,0.586176,0.724699,87.321329,38.171490,0.137141
2,43,0.881278,0.808429,126.508034,91.890264,0.330139
2,44,0.159969,0.733685,179.086749,34.495541,0.123934
2,45,0.176356,0.719229,135.307944,48.076182,0.172726
2,46,0.303425,0.834686,147.567887,96.505524,0.346720
2,47,0.917308,0.826800,138.645377,119.584356,0.429636
2,48,0.203939,0.906539,103.857042,39.394897,0.141536
3,4,0.091554,0.551557,81.617094,97.326298,0.349669
3,5,0.141797,0.689976,94.429837,87.874103,0.315710
3,6,0.159268,0.649429,91.680837,86.318280,0.310120
3,7,0.244412,0.850182,97.353968,106.587958,0.382944
3,8,0.289992,0.746208,94.620888,90.695153,0.325845
3,9,0.308489,0.804004,97.829075,102.160864,0.367038
3,10,0.474614,0.766061,104.362133,89.197069,0.320463
3,11,0.207418,0.768431,114.138203,99.547010,0.357647
3,12,0.202549,0.761315,114.921861,94.277094,0.338714
3,13,0.222011,0.851704,106.736769,97.492457,0.350266
3,14,0.203333,0.776808,111.370061,84.875596,0.304937
3,15,0.215751,0.872400,108.411290,103.672483,0.372469
3,16,0.215186,0.844621,109.601317,102.601016,0.368620
3,17,0.225106,0.842742,108.928865,101.792303,0.365714
3,18,0.181974,0.841288,114.829962,100.314927,0.360406
3,19,0.248406,0.771766,112.066215,86.296625,0.310042
3,20,0.310425,0.766947,111.468412,89.346798,0.321001
3,21,0.181399,0.808787,116.740157,95.218365,0.342096
3,22,0.318140,0.737270,116.677252,88.622171,0.318397
3,23,0.422669,0.786101,108.033328,88.886263,0.319346
3,24,0.670904,0.732097,113.565181,80.789084,0.290255
3,25,0.659870,0.897429,103.601260,110.083695,0.395503
3,26,0.253340,0.734023,113.251577,78.759368,0.282963
3,27,0.148604,0.940877,197.355210,116.620890,0.418989
3,28,0.890704,0.696199,135.069887,109.750989,0.394308
3,29,1.044145,0.703204,124.763778,108.569745,0.390064
3,30,1.033045,0.697517,150.753337,114.293443,0.410628
3,31,0.219267,0.864917,109.166818,105.788144,0.380070
3,32,0.209388,0.840897,110.584826,102.678209,0.368897
3,33,0.260798,0.782726,111.460824,104.962111,0.377102
3,34,0.224832,0.815800,110.663924,108.982054,0.391545
3,35,0.263149,0.876287,106.681989,114.035519,0.409701
3,36,0.222480,0.809841,110.640645,93.764006,0.336870
3,37,0.211516,0.770799,115.163295,90.423357,0.324868
3,38,0.271655,0.751020,115.264798,88.649177,0.318494
3,39,0.183086,0.981451,113.385825,123.293226,0.442962
3,40,0.278592,0.858719,106.977277,106.277997,0.381830
3,41,0.271479,0.922213,105.975388,116.268485,0.417723
3,42,0.328582,0.757478,113.348799,93.406522,0.335586
3,43,0.575404,0.701973,145.610307,101.010356,0.362905
3,44,0.149839,0.879406,193.396504,116.381134,0.418128
3,45,0.154084,0.735182,153.759156,86.220688,0.309769
3,46,0.195551,0.709546,164.346796,113.996415,0.409560
3,47,0.627324,0.705049,156.008634,109.135834,0.392098
3,48,0.162261,0.971142,126.677750,122.116780,0.438735
4,5,0.199943,0.526205,62.228357,22.131076,0.079511
4,6,0.259286,0.542258,64.733158,26.499423,0.095206
4,7,0.439442,0.655596,64.800832,21.393837,0.076863
4,8,0.520824,0.569424,66.824562,23.522045,0.084509
4,9,0.546944,0.627165,68.438414,21.279604,0.076452
4,10,0.750258,0.670209,78.724732,36.236253,0.130188
4,11,0.323387,0.705402,88.767741,35.045130,0.125908
4,12,0.311895,0.705594,89.940130,39.097863,0.140469
4,13,0.363611,0.711820,79.055043,25.082872,0.090116
4,14,0.317442,0.689234,86.283512,43.474428,0.156193
4,15,0.344026,0.737651,80.711834,23.499792,0.084429
4,16,0.340895,0.717671,82.139929,25.524820,0.091704
4,17,0.363297,0.716241,81.322803,25.755993,0.092535
4,18,0.258336,0.715566,89.053520,26.267624,0.094373
4,19,0.412111,0.708127,85.711605,46.613315,0.167470
4,20,0.526178,0.710784,84.896680,44.193177,0.158775
4,21,0.255457,0.705278,91.588780,32.105392,0.115347
4,22,0.538053,0.731156,91.597145,55.230345,0.198429
4,23,0.687488,0.700880,80.739942,39.965163,0.143585
4,24,0.896454,0.721783,88.763974,66.206054,0.237862
4,25,0.889993,0.766390,74.304279,23.798789,0.085503
4,26,0.426128,0.709352,89.076261,65.309155,0.234639
4,27,0.156777,0.841801,183.257980,27.784611,0.099823
4,28,0.986478,0.786101,115.805524,69.201509,0.248624
4,29,1.018132,0.761122,103.199622,56.347257,0.202442
4,30,1.017407,0.813663,134.190962,87.473992,0.314272
4,31,0.347940,0.733159,81.503137,24.304631,0.087320
4,32,0.325933,0.716354,83.483310,25.923584,0.093137
4,33,0.434709,0.708996,84.559057,32.472343,0.116665
4,34,0.360131,0.708269,83.500216,28.529350,0.102499
4,35,0.441704,0.743343,78.185768,26.817799,0.096350
4,36,0.357195,0.705675,83.605999,33.092741,0.118894
4,37,0.329964,0.712636,89.387518,43.062829,0.154714
4,38,0.455486,0.723198,89.511336,50.674231,0.182060
4,39,0.259177,0.942926,87.055984,32.515534,0.116820
4,40,0.468453,0.728264,78.539690,24.731929,0.088856
4,41,0.455173,0.806860,77.167112,27.117796,0.097427
4,42,0.554125,0.719214,87.020696,43.599585,0.156642
4,43,0.833714,0.806019,127.162590,99.486591,0.357430
4,44,0.158961,0.746572,179.257493,28.298213,0.101668
4,45,0.174852,0.723869,136.088903,56.079545,0.201480
4,46,0.293820,0.826986,147.766702,101.856846,0.365946
4,47,0.869812,0.821508,139.031996,128.137780,0.460367
4,48,0.200274,0.914488,103.834678,31.498775,0.113167
5,6,0.046126,0.120114,11.903131,8.116577,0.029161
5,7,0.243018,0.555793,36.456662,21.591740,0.077574
5,8,0.305036,0.440802,37.644413,15.908195,0.057154
5,9,0.333243,0.521361,40.134078,18.759151,0.067397
5,10,0.568498,0.620644,54.085647,30.193669,0.108478
5,11,0.232583,0.700648,69.150721,32.442008,0.116556
5,12,0.225708,0.699342,70.563245,35.397872,0.127176
5,13,0.248793,0.675114,55.625205,21.465881,0.077122
5,14,0.225593,0.663958,64.945063,37.945888,0.136330
5,15,0.243216,0.720586,58.655556,22.238443,0.079897
5,16,0.243156,0.708562,60.886180,23.983216,0.086166
5,17,0.256657,0.706359,59.738623,23.945236,0.086029
5,18,0.197429,0.706199,69.820772,24.043027,0.086381
5,19,0.288179,0.706722,65.532016,42.056625,0.151099
5,20,0.369893,0.711010,64.531738,40.037836,0.143846
5,21,0.197132,0.700564,73.158517,28.710071,0.103148
5,22,0.380429,0.736415,73.196315,51.146810,0.183758
5,23,0.510736,0.691642,58.658776,35.395283,0.127166
5,24,0.791502,0.716122,68.919633,60.917174,0.218860
5,25,0.779304,0.743477,49.746568,24.513770,0.088072
5,26,0.293086,0.694954,68.660894,59.569871,0.214020
5,27,0.149203,0.823408,173.813551,29.409894,0.105662
5,28,0.987474,0.776940,99.942842,65.890747,0.236729
5,29,1.064955,0.748687,85.483800,53.461598,0.192074
5,30,1.065556,0.807282,120.333763,83.828582,0.301175
5,31,0.249802,0.725432,60.286293,23.834133,0.085630
5,32,0.236068,0.709692,62.798859,24.427127,0.087761
5,33,0.305734,0.711498,64.374443,31.421739,0.112890
5,34,0.257471,0.706597,62.980868,28.695182,0.103095
5,35,0.307722,0.733111,55.496507,28.498167,0.102387
5,36,0.253280,0.701383,62.824882,29.440689,0.105773
5,37,0.239302,0.716563,70.594499,39.172956,0.140739
5,38,0.320139,0.729506,70.760232,46.654716,0.167619
5,39,0.199803,0.938274,67.640706,35.794421,0.128600
5,40,0.329276,0.721539,56.249061,24.394814,0.087644
5,41,0.319895,0.796179,54.316897,29.403150,0.105638
5,42,0.394361,0.724923,67.589400,40.204817,0.144446
5,43,0.690642,0.809912,113.932159,95.288655,0.342348
5,44,0.151574,0.734133,170.371682,30.364213,0.109091
5,45,0.157371,0.721249,123.669802,51.484882,0.184972
5,46,0.216360,0.835253,136.877559,98.876546,0.355239
5,47,0.747331,0.827743,127.235539,123.592217,0.444036
5,48,0.169693,0.906574,87.904174,34.630175,0.124418
6,7,0.176149,0.611792,34.966591,27.431168,0.098553
6,8,0.219263,0.472850,34.629496,18.936237,0.068033
6,9,0.246008,0.565410,37.841134,24.250787,0.087127
6,10,0.451671,0.627066,51.387792,31.152222,0.111922
6,11,0.201428,0.693986,67.321512,35.062035,0.125969
6,12,0.196690,0.691061,68.769711,36.802756,0.132223
6,13,0.209999,0.702551,53.659752,25.471712,0.091513
6,14,0.195810,0.666192,63.047490,37.762945,0.135673
6,15,0.208161,0.745119,56.627154,27.557085,0.099006
6,16,0.208590,0.724443,58.873213,28.671503,0.103009
6,17,0.217849,0.722066,57.666459,28.458113,0.102243
6,18,0.178259,0.721375,68.096545,28.213647,0.101365
6,19,0.239971,0.700147,63.596827,41.854292,0.150372
6,20,0.299224,0.702590,62.539743,40.363463,0.145016
6,21,0.178382,0.705515,71.420346,31.068385,0.111621
6,22,0.307415,0.718659,71.421186,50.712462,0.182197
6,23,0.407235,0.691600,56.432670,35.982625,0.129277
6,24,0.660370,0.699919,66.936343,59.309065,0.213083
6,25,0.647697,0.773321,47.121593,30.700516,0.110299
6,26,0.242273,0.681470,66.724971,57.845997,0.207826
6,27,0.147707,0.850310,173.693758,35.746127,0.128427
6,28,0.901031,0.752171,98.544336,66.629711,0.239384
6,29,1.065990,0.726028,83.863357,55.076960,0.197878
6,30,1.056157,0.782104,119.148977,83.784287,0.301016
6,31,0.213837,0.745042,58.127605,29.255963,0.105109
6,32,0.204302,0.723707,60.756285,29.028781,0.104293
6,33,0.253139,0.706607,62.345399,35.192484,0.126438
6,34,0.219189,0.712302,60.905703,33.730704,0.121186
6,35,0.253801,0.755615,53.224735,34.592738,0.124283
6,36,0.215640,0.706448,60.843243,31.437481,0.112947
6,37,0.206714,0.707922,68.749731,39.708452,0.142662
6,38,0.263495,0.714849,68.918077,46.472496,0.166964
6,39,0.180307,0.949386,65.712265,42.099877,0.151254
6,40,0.270093,0.739539,53.914674,29.793348,0.107040
6,41,0.263313,0.822144,51.895855,35.743600,0.128418
6,42,0.318143,0.712132,65.658117,41.078377,0.147584
6,43,0.561940,0.784238,112.769775,93.699069,0.336637
6,44,0.149489,0.757889,169.732486,36.518317,0.131201
6,45,0.152859,0.704849,122.844015,50.778885,0.182436
6,46,0.190682,0.809995,135.986338,98.019790,0.352160
6,47,0.615977,0.802220,126.180362,121.254175,0.435636
6,48,0.160766,0.922835,86.521011,40.960127,0.147159
7,8,0.064241,0.384088,14.427953,23.526085,0.084523
7,9,0.119187,0.442268,17.204453,11.366440,0.040837
7,10,0.270847,0.674138,33.763069,37.346622,0.134177
7,11,0.166441,0.785915,53.691327,33.778970,0.121359
7,12,0.164249,0.787905,55.641981,40.098619,0.144064
7,13,0.159695,0.625291,35.205705,22.449886,0.080657
7,14,0.159296,0.724606,48.365671,46.913098,0.168547
7,15,0.167397,0.678672,39.187602,16.651893,0.059826
7,16,0.170072,0.721404,42.449151,20.619986,0.074082
7,17,0.174008,0.720047,40.771197,21.438846,0.077024
7,18,0.157786,0.722429,54.445655,23.032833,0.082751
7,19,0.184773,0.791130,48.875607,50.530425,0.181543
7,20,0.214431,0.799211,47.505817,47.269694,0.169828
7,21,0.159290,0.756556,58.680611,32.400952,0.116408
7,22,0.220976,0.837871,58.749905,59.147464,0.212502
7,23,0.268953,0.759601,39.247066,42.707497,0.153437
7,24,0.439808,0.813765,53.547666,71.513642,0.256931
7,25,0.427287,0.645508,24.022652,10.438277,0.037502
7,26,0.178987,0.789122,53.413223,70.602335,0.253656
7,27,0.145637,0.686978,168.724428,10.559847,0.037939
7,28,0.698198,0.875544,90.680604,68.948576,0.247715
7,29,1.074226,0.852343,74.267476,54.679566,0.196450
7,30,1.023845,0.897365,112.907408,88.439300,0.317740
7,31,0.175784,0.719825,41.605673,16.604788,0.059657
7,32,0.170463,0.733086,45.113709,21.253781,0.076359
7,33,0.194977,0.795695,47.342062,28.725853,0.103205
7,34,0.178622,0.763034,45.429286,20.903473,0.075101
7,35,0.190646,0.707083,34.225386,13.225759,0.047517
7,36,0.173517,0.757525,45.157371,34.093284,0.122489
7,37,0.172832,0.807957,55.504858,45.987864,0.165223
7,38,0.200247,0.829654,55.718242,54.475080,0.195715
7,39,0.161056,0.866730,51.701589,16.337589,0.058697
7,40,0.203536,0.725970,35.518866,16.922150,0.060797
7,41,0.200120,0.709431,32.374158,11.296077,0.040584
7,42,0.228787,0.822865,51.633992,45.769520,0.164438
7,43,0.370613,0.900930,105.434842,104.312219,0.374768
7,44,0.147339,0.700125,164.653538,13.742108,0.049372
7,45,0.147688,0.821731,115.751576,60.291544,0.216612
7,46,0.162829,0.918690,129.717173,105.364411,0.378548
7,47,0.410281,0.912434,119.541670,134.269500,0.482397
7,48,0.151754,0.807490,76.224278,15.149894,0.054430
8,9,0.094742,0.320174,15.840357,15.668670,0.056294
8,10,0.222288,0.440708,27.928773,19.886349,0.071447
8,11,0.156889,0.682127,54.309840,28.972320,0.104090
8,12,0.155718,0.675911,55.858338,30.610209,0.109975
8,13,0.142672,0.543603,34.741568,15.380156,0.055257
8,14,0.146799,0.569163,46.107391,30.264701,0.108733
8,15,0.155350,0.667379,41.045730,20.315544,0.072989
8,16,0.160122,0.683860,44.752012,22.043786,0.079198
8,17,0.162586,0.678605,43.069771,21.656944,0.077808
8,18,0.152490,0.680226,56.077708,21.307660,0.076553
8,19,0.170656,0.698883,50.421881,36.869594,0.132463
8,20,0.192387,0.708079,49.307089,35.311083,0.126864
8,21,0.155088,0.686978,60.352078,24.731519,0.088854
8,22,0.199991,0.746594,60.378225,46.739494,0.167923
8,23,0.226418,0.656013,40.197932,29.561068,0.106205
8,24,0.365349,0.685819,52.425686,54.352703,0.195276
8,25,0.350429,0.664634,27.279050,24.581881,0.088317
8,26,0.158728,0.635406,50.509958,52.238116,0.187678
8,27,0.145475,0.783029,169.593632,34.107314,0.122539
8,28,0.630392,0.718991,82.692486,57.934911,0.208146
8,29,1.121727,0.675854,66.657920,45.833309,0.164668
8,30,1.041263,0.762397,104.611824,75.723168,0.272054
8,31,0.167896,0.709854,44.668090,23.286510,0.083663
8,32,0.162886,0.694146,47.644936,22.700506,0.081557
8,33,0.182585,0.719937,50.062884,30.322085,0.108940
8,34,0.170379,0.706170,48.282829,28.766595,0.103351
8,35,0.173557,0.708200,37.383755,29.783123,0.107003
8,36,0.162796,0.689489,47.286665,25.229179,0.090642
8,37,0.166092,0.728093,57.843768,35.109184,0.126138
8,38,0.186693,0.745848,58.073663,42.537581,0.152827
8,39,0.157464,0.926653,54.293924,38.560282,0.138537
8,40,0.189135,0.709443,39.151984,24.010797,0.086265
8,41,0.186549,0.771358,36.327121,31.323326,0.112537
8,42,0.208649,0.740397,54.194568,36.731152,0.131966
8,43,0.313585,0.807866,103.562544,89.986110,0.323297
8,44,0.146754,0.698688,165.064588,31.738458,0.114028
8,45,0.145861,0.704312,115.014642,46.028914,0.165370
8,46,0.155458,0.850274,129.822499,95.662389,0.343691
8,47,0.346643,0.835117,118.744686,118.489702,0.425704
8,48,0.149450,0.883149,77.573823,37.192163,0.133622
9,10,0.228466,0.485945,28.389092,29.533358,0.106106
9,11,0.158820,0.718201,53.756166,30.914978,0.111070
9,12,0.157417,0.713837,55.438858,35.836121,0.128750
9,13,0.151522,0.551599,34.896796,17.763791,0.063821
9,14,0.152655,0.621218,47.166634,40.526575,0.145602
9,15,0.158791,0.670520,39.976772,16.025387,0.057575
9,16,0.161415,0.694427,43.294271,19.492079,0.070030
9,17,0.163991,0.689995,41.569005,19.868589,0.071383
9,18,0.153476,0.692176,55.099534,20.875240,0.074999
9,19,0.171403,0.733056,49.368195,45.406554,0.163134
9,20,0.191980,0.741861,48.055175,42.630588,0.153161
9,21,0.154874,0.709451,59.188416,28.740649,0.103258
9,22,0.197305,0.780710,59.193510,54.451835,0.195632
9,23,0.228978,0.694284,39.296190,37.584646,0.135032
9,24,0.358284,0.736271,52.573784,65.296876,0.234595
9,25,0.347288,0.658122,24.761287,14.533599,0.052216
9,26,0.165291,0.694176,51.723289,63.907526,0.229604
9,27,0.145448,0.747472,169.240561,19.951328,0.071680
9,28,0.578869,0.755825,83.053251,61.528260,0.221056
9,29,1.022955,0.714152,66.726754,47.722107,0.171454
9,30,0.941559,0.796223,105.223677,80.662317,0.289799
9,31,0.166235,0.704752,42.396747,17.313554,0.062203
9,32,0.162342,0.701524,45.830555,20.115852,0.072271
9,33,0.179578,0.742189,48.022446,28.072254,0.100857
9,34,0.168274,0.719039,46.142055,22.472506,0.080738
9,35,0.175118,0.700257,35.205099,18.918533,0.067970
9,36,0.163808,0.710589,45.873502,30.111775,0.108184
9,37,0.164310,0.752566,56.079911,41.592354,0.149431
9,38,0.183289,0.773266,56.294616,49.843405,0.179075
9,39,0.156322,0.909504,52.336049,25.086522,0.090130
9,40,0.185584,0.705744,36.427402,17.838154,0.064088
9,41,0.183180,0.745286,33.361793,18.964801,0.068136
9,42,0.203531,0.766641,52.260448,41.931127,0.150648
9,43,0.305637,0.840004,103.514116,98.487275,0.353840
9,44,0.146805,0.685913,164.791876,20.140368,0.072359
9,45,0.146785,0.742492,115.427244,54.639084,0.196304
9,46,0.156380,0.877519,129.635383,101.618260,0.365089
9,47,0.336815,0.867682,119.076132,128.599908,0.462027
9,48,0.149661,0.859507,76.643064,23.835475,0.085635
10,11,0.132398,0.587161,50.422658,30.709471,0.110331
10,12,0.135861,0.576209,52.024807,28.802969,0.103482
10,13,0.100236,0.434108,28.505173,17.903239,0.064322
10,14,0.115874,0.366114,35.639694,19.139485,0.068763
10,15,0.131016,0.637190,40.398263,29.105184,0.104568
10,16,0.143123,0.662313,45.705229,30.409800,0.109255
10,17,0.143089,0.653435,43.907255,29.588592,0.106304
10,18,0.143049,0.655393,56.451425,28.431399,0.102147
10,19,0.147276,0.633268,49.773842,32.342252,0.116198
10,20,0.155763,0.646834,49.117535,32.536425,0.116895
10,21,0.148225,0.649343,61.035762,27.861981,0.100101
10,22,0.167133,0.691115,60.740461,42.778713,0.153693
10,23,0.140279,0.560034,37.218339,25.271962,0.090796
10,24,0.186586,0.559660,46.318073,43.452500,0.156114
10,25,0.150340,0.635925,27.850351,35.798338,0.128614
10,26,0.109742,0.439343,38.307559,38.601809,0.138687
10,27,0.145146,0.823024,170.842114,53.098978,0.190771
10,28,0.435000,0.545533,67.120367,46.933456,0.168620
10,29,0.937653,0.478745,51.093608,37.364758,0.134242
10,30,0.808495,0.613672,89.097612,63.032364,0.226459
10,31,0.156168,0.725416,47.760409,34.254528,0.123068
10,32,0.150151,0.684275,49.443928,31.510169,0.113208
10,33,0.164421,0.698423,52.747791,38.053617,0.136717
10,34,0.158325,0.700006,51.180284,39.097798,0.140469
10,35,0.132881,0.715464,38.767623,41.443872,0.148897
10,36,0.144518,0.654651,48.049754,27.414672,0.098494
10,37,0.156252,0.704331,60.300419,34.885143,0.125334
10,38,0.166995,0.716141,60.587807,40.504693,0.145523
10,39,0.152044,0.944418,57.200739,51.686668,0.185697
10,40,0.168123,0.726321,42.934933,35.078690,0.126029
10,41,0.166822,0.806436,40.436083,44.222741,0.158881
10,42,0.178714,0.713873,56.971864,37.647937,0.135260
10,43,0.205081,0.730633,99.248018,81.395233,0.292433
10,44,0.145556,0.712766,165.282878,43.504349,0.156300
10,45,0.141822,0.617945,112.306738,39.725067,0.142722
10,46,0.143443,0.803384,128.967957,91.552060,0.328924
10,47,0.218016,0.770227,115.467607,108.940585,0.391396
10,48,0.145500,0.904417,78.867451,50.129351,0.180102
11,12,0.010822,0.088172,7.238402,10.137414,0.036421
11,13,0.193444,0.664037,52.134209,25.587158,0.091928
11,14,0.187823,0.610884,61.158917,36.793963,0.132191
11,15,0.206443,0.728058,58.052373,28.622322,0.102833
11,16,0.210146,0.712538,60.929814,29.900426,0.107425
11,17,0.219733,0.708583,59.725699,29.632900,0.106464
11,18,0.178195,0.708723,69.636432,29.411961,0.105670
11,19,0.244279,0.674325,65.029365,41.985460,0.150843
11,20,0.306316,0.679970,64.352188,40.647345,0.146036
11,21,0.180591,0.691542,73.430243,32.062963,0.115194
11,22,0.317270,0.699800,73.371983,50.983534,0.183171
11,23,0.410939,0.661913,58.011695,35.992347,0.129311
11,24,0.644791,0.670126,68.051551,58.833740,0.211375
11,25,0.631394,0.761679,50.385156,32.100803,0.115330
11,26,0.238500,0.630605,65.368722,56.583003,0.203288
11,27,0.147752,0.866818,174.992103,37.428749,0.134472
11,28,0.857687,0.736672,100.152619,66.985923,0.240664
11,29,1.013898,0.711439,85.889347,55.678339,0.200038
11,30,0.998817,0.766586,120.337714,83.915008,0.301485
11,31,0.219394,0.745695,61.340044,31.043738,0.111532
11,32,0.199124,0.667556,59.935281,28.375629,0.101946
11,33,0.261310,0.689063,64.714248,36.047417,0.129509
11,34,0.225442,0.700816,63.614301,34.952835,0.125577
11,35,0.148533,0.689200,42.834616,30.955250,0.111214
11,36,0.216141,0.675958,61.829767,31.712033,0.113933
11,37,0.212653,0.702463,71.671030,40.858973,0.146796
11,38,0.273441,0.707809,71.901830,47.435435,0.170424
11,39,0.183828,0.953302,69.029990,43.801628,0.157368
11,40,0.280225,0.745293,57.766706,31.772050,0.114149
11,41,0.273292,0.831736,56.008645,37.620960,0.135163
11,42,0.330047,0.706980,68.870545,42.314067,0.152024
11,43,0.562714,0.768987,114.126889,93.791322,0.336969
11,44,0.149373,0.766531,170.800448,38.220451,0.137316
11,45,0.152063,0.689517,123.343267,51.394720,0.184648
11,46,0.194352,0.796348,137.138555,98.265417,0.353043
11,47,0.610413,0.784053,126.853433,120.912314,0.434408
11,48,0.161762,0.927991,88.875643,42.657527,0.153258
12,13,0.201318,0.662968,53.836772,27.718602,0.099586
12,14,0.192081,0.597028,61.777242,32.750300,0.117664
12,15,0.211736,0.727396,59.531063,32.975546,0.118473
12,16,0.215577,0.710926,62.385588,33.603767,0.120730
12,17,0.225930,0.706227,61.188471,33.060192,0.118777
12,18,0.180922,0.706797,70.820558,32.313734,0.116095
12,19,0.252318,0.665871,66.133865,38.557523,0.138527
12,20,0.318807,0.672480,65.580398,38.239502,0.137385
12,21,0.183659,0.688113,74.636133,32.666565,0.117363
12,22,0.330740,0.692752,74.560109,47.761743,0.171596
12,23,0.429869,0.652390,59.196621,33.621639,0.120794
12,24,0.674210,0.656473,68.740054,53.129312,0.190880
12,25,0.660218,0.761534,52.316100,38.233500,0.137363
12,26,0.246340,0.612226,65.587941,50.264107,0.180586
12,27,0.148151,0.870412,175.619507,43.625433,0.156735
12,28,0.888318,0.717309,99.569785,65.622787,0.235766
12,29,1.026385,0.691307,85.607698,55.638891,0.199897
12,30,1.015127,0.748645,119.471714,81.371531,0.292347
12,31,0.225988,0.746940,63.096926,35.908513,0.129010
12,32,0.205635,0.647180,60.853101,31.167237,0.111976
12,33,0.271222,0.681495,66.036511,39.154895,0.140674
12,34,0.232561,0.696329,65.102983,39.799162,0.142988
12,35,0.197965,0.699950,48.629390,38.006655,0.136548
12,36,0.222195,0.664523,62.819200,31.260959,0.112313
12,37,0.218770,0.700533,73.226438,39.180858,0.140767
12,38,0.284261,0.705014,73.479441,44.783522,0.160896
12,39,0.187518,0.955093,70.768876,51.381141,0.184600
12,40,0.291533,0.748559,59.767156,36.769858,0.132105
12,41,0.284092,0.836300,58.120572,44.590980,0.160204
12,42,0.344900,0.705089,70.556956,41.409330,0.148773
12,43,0.590104,0.758434,114.425657,89.148541,0.320288
12,44,0.149692,0.769874,171.315090,44.933971,0.161436
12,45,0.152430,0.680630,123.599814,47.586747,0.170967
12,46,0.198394,0.789246,137.673244,95.396297,0.342735
12,47,0.639443,0.774507,127.136023,115.084058,0.413468
12,48,0.163158,0.930109,90.051420,50.142237,0.180148
13,14,0.081891,0.350698,25.307629,27.466959,0.098682
13,15,0.131732,0.398431,29.647617,11.615618,0.041732
13,16,0.159189,0.507631,37.837400,14.210962,0.051056
13,17,0.163817,0.496395,36.147602,13.725704,0.049313
13,18,0.143301,0.502375,47.901612,13.456310,0.048345
13,19,0.188449,0.579154,43.567220,32.348147,0.116219
13,20,0.242496,0.602800,43.802839,30.348265,0.109034
13,21,0.161871,0.565031,56.685540,18.843148,0.067699
13,22,0.275818,0.711855,58.037426,43.738859,0.157143
13,23,0.310111,0.476624,33.240741,22.573962,0.081103
13,24,0.587757,0.634786,49.430670,51.147949,0.183762
13,25,0.548637,0.425325,26.385982,19.451463,0.069884
13,26,0.108067,0.511911,36.482244,50.221003,0.180431
13,27,0.145048,0.742241,167.557675,30.177694,0.108421
13,28,1.005440,0.782303,88.894952,60.244522,0.216443
13,29,1.159649,0.745450,73.344286,47.689982,0.171338
13,30,1.165692,0.818134,110.381051,78.366129,0.281550
13,31,0.204915,0.668197,47.119784,18.972511,0.068163
13,32,0.185179,0.618541,47.088220,17.493217,0.062849
13,33,0.247001,0.726090,52.774745,27.345740,0.098246
13,34,0.214423,0.699771,51.240132,25.205545,0.090557
13,35,0.213702,0.647287,37.475971,25.555594,0.091815
13,36,0.168540,0.587785,41.795462,20.594915,0.073992
13,37,0.202576,0.743999,60.342674,34.159282,0.122726
13,38,0.258351,0.769345,60.746532,42.115192,0.151309
13,39,0.178456,0.904552,57.466247,35.180695,0.126395
13,40,0.264285,0.691050,43.179186,20.211169,0.072614
13,41,0.258091,0.731799,40.875261,27.660399,0.099377
13,42,0.313666,0.764924,57.222930,35.788192,0.128578
13,43,0.537573,0.836976,104.986288,90.657066,0.325708
13,44,0.146999,0.668302,163.704289,27.945221,0.100400
13,45,0.139193,0.709909,108.460798,45.410349,0.163148
13,46,0.168990,0.872762,129.199577,95.583655,0.343408
13,47,0.593559,0.848153,117.988454,118.040227,0.424089
13,48,0.154218,0.844252,77.500757,33.696869,0.121064
14,15,0.166262,0.561003,43.209691,33.896431,0.121781
14,16,0.193591,0.603951,51.190593,35.249225,0.126642
14,17,0.202109,0.596150,49.787670,34.333474,0.123352
14,18,0.163809,0.596347,59.601592,32.418293,0.116471
14,19,0.230207,0.565937,54.196993,27.738700,0.099658
14,20,0.299409,0.584171,54.493085,29.572604,0.106247
14,21,0.176669,0.596346,66.129266,30.064396,0.108014
14,22,0.324441,0.653664,66.362543,39.063777,0.140346
14,23,0.374042,0.451768,41.655094,21.562693,0.077469
14,24,0.628206,0.480220,49.677671,32.618270,0.117189
14,25,0.581622,0.549254,36.970131,43.947601,0.157893
14,26,0.099574,0.258023,25.468443,28.342533,0.101828
14,27,0.145852,0.829978,170.780788,55.350005,0.198859
14,28,0.968934,0.685697,90.881096,60.689605,0.218042
14,29,1.081559,0.648139,76.676007,52.833303,0.189817
14,30,1.080532,0.727030,111.123908,74.605746,0.268040
14,31,0.225937,0.718522,57.963094,41.356588,0.148584
14,32,0.207877,0.668030,58.272200,37.585175,0.135034
14,33,0.275268,0.691848,62.422513,43.730460,0.157113
14,34,0.234965,0.695047,61.176331,46.146373,0.165792
14,35,0.258188,0.715509,51.074450,49.827444,0.179017
14,36,0.203652,0.612426,54.002988,28.946467,0.103997
14,37,0.219945,0.698180,68.912965,35.284887,0.126770
14,38,0.288145,0.710787,69.269151,39.346436,0.141362
14,39,0.188414,0.945516,66.540557,60.468286,0.217247
14,40,0.295630,0.724900,54.617003,42.340122,0.152117
14,41,0.287695,0.807223,52.748504,52.666912,0.189219
14,42,0.352728,0.709866,66.232639,38.917722,0.139822
14,43,0.586468,0.743734,106.382659,78.592506,0.282363
14,44,0.146914,0.718944,165.900046,51.482207,0.184963
14,45,0.135982,0.607049,107.630978,36.393222,0.130752
14,46,0.177225,0.792949,130.669382,88.642441,0.318470
14,47,0.636354,0.745558,116.707727,100.817101,0.362210
14,48,0.156336,0.905431,83.226815,58.760029,0.211110
15,16,0.141303,0.334529,31.497631,8.859220,0.031829
15,17,0.145857,0.321878,29.973483,9.010035,0.032371
15,18,0.125365,0.366631,40.735917,11.501772,0.041323
15,19,0.169648,0.487993,37.394723,35.656904,0.128106
15,20,0.227157,0.503168,37.900292,32.013332,0.115016
15,21,0.154363,0.465068,52.426914,19.505564,0.070079
15,22,0.274166,0.681435,55.238333,46.650785,0.167605
15,23,0.295692,0.450914,31.292472,34.855420,0.125227
15,24,0.617900,0.699899,53.419094,58.751062,0.211078
15,25,0.640499,0.539138,32.199146,13.688160,0.049178
15,26,0.186486,0.665753,50.017753,57.517647,0.206646
15,27,0.147390,0.748198,170.187668,21.383329,0.076825
15,28,0.992968,0.858311,95.894845,66.447033,0.238727
15,29,1.122038,0.834503,80.284465,53.052257,0.190603
15,30,1.125027,0.881509,117.379685,85.206571,0.306126
15,31,0.210198,0.653216,47.400913,15.005428,0.053911
15,32,0.188073,0.591405,46.734711,15.375007,0.055239
15,33,0.258016,0.736113,53.496791,26.095387,0.093754
15,34,0.222267,0.705096,51.973204,21.382294,0.076821
15,35,0.246496,0.650318,41.184929,19.171220,0.068877
15,36,0.155834,0.523813,37.601884,23.085633,0.082941
15,37,0.209006,0.754750,60.910995,38.308942,0.137634
15,38,0.270441,0.781849,61.378774,46.681336,0.167714
15,39,0.182289,0.893635,58.178858,27.378078,0.098363
15,40,0.276701,0.688126,44.062491,16.402656,0.058931
15,41,0.270371,0.720572,41.947021,20.396830,0.073281
15,42,0.330140,0.777787,57.939715,39.151114,0.140660
15,43,0.578546,0.870403,108.144957,96.930931,0.348248
15,44,0.148045,0.688053,164.840082,21.624432,0.077691
15,45,0.142995,0.761741,111.812286,51.690366,0.185710
15,46,0.180199,0.889783,130.824943,99.569670,0.357729
15,47,0.632469,0.874783,120.600852,124.961962,0.448957
15,48,0.157829,0.840438,78.979753,26.046207,0.093577
16,17,0.014247,0.030496,2.942327,1.566975,0.005630
16,18,0.064399,0.135106,20.402163,5.256588,0.018886
16,19,0.079820,0.314456,22.029307,34.419409,0.123660
16,20,0.142407,0.370371,27.216515,29.084657,0.104494
16,21,0.123716,0.353963,42.108697,14.860079,0.053389
16,22,0.231391,0.595573,49.975665,41.469899,0.148991
16,23,0.374010,0.512446,38.749839,27.869159,0.100127
16,24,0.729675,0.705657,58.394694,59.469692,0.213660
16,25,0.725395,0.658923,37.248523,18.494039,0.066444
16,26,0.227658,0.686760,57.194644,58.633926,0.210657
16,27,0.149014,0.797510,172.216295,25.494131,0.091594
16,28,1.070411,0.836047,97.764625,67.140269,0.241218
16,29,1.161985,0.811676,82.324375,54.125585,0.194460
16,30,1.176021,0.860800,119.073312,85.569086,0.307428
16,31,0.202332,0.632959,46.733652,17.168267,0.061681
16,32,0.166949,0.519201,42.265680,15.144647,0.054411
16,33,0.259403,0.693477,54.092948,26.969639,0.096895
16,34,0.222667,0.671117,52.693501,23.346621,0.083879
16,35,0.249439,0.644414,42.543608,22.262048,0.079982
16,36,0.079553,0.412229,24.832349,19.564240,0.070289
16,37,0.209009,0.714073,61.446033,37.613578,0.135136
16,38,0.274075,0.741819,62.236646,45.823088,0.164631
16,39,0.182901,0.914989,59.407841,30.821393,0.110734
16,40,0.279528,0.676533,45.410949,18.944543,0.068063
16,41,0.274556,0.748977,43.845644,24.026770,0.086322
16,42,0.337702,0.740762,59.110561,38.855047,0.139596
16,43,0.633146,0.848844,110.112649,96.432533,0.346458
16,44,0.149471,0.710487,166.610468,25.398107,0.091249
16,45,0.149359,0.745390,116.648305,51.292652,0.184282
16,46,0.190436,0.867426,132.739774,99.245697,0.356565
16,47,0.697175,0.857592,122.866355,124.479728,0.447224
16,48,0.160829,0.877583,81.147680,29.632686,0.106463
17,18,0.069582,0.137400,22.031990,4.821149,0.017321
17,19,0.072128,0.309760,21.232072,33.004384,0.118576
17,20,0.122971,0.367336,25.951987,27.400554,0.098443
17,21,0.122753,0.351804,41.950039,14.407510,0.051763
17,22,0.212290,0.594885,49.110022,41.057988,0.147511
17,23,0.341291,0.507340,37.030549,27.043829,0.097162
17,24,0.675989,0.700611,56.987591,58.487802,0.210132
17,25,0.671634,0.653915,35.205312,19.196203,0.068967
17,26,0.212788,0.679005,55.713345,57.584100,0.206885
17,27,0.148529,0.798625,171.869930,26.398581,0.094843
17,28,1.034461,0.831394,96.712787,66.680379,0.239566
17,29,1.169690,0.806433,81.146829,53.792844,0.193264
17,30,1.179874,0.856782,118.142545,85.004025,0.305398
17,31,0.193837,0.629648,45.458853,17.508245,0.062903
17,32,0.161806,0.517777,41.479841,15.215988,0.054667
17,33,0.245198,0.686994,52.644657,26.893622,0.096622
17,34,0.212775,0.665292,51.290642,23.670641,0.085043
17,35,0.234947,0.635283,40.872178,22.981018,0.082565
17,36,0.075346,0.397846,23.926977,18.797378,0.067534
17,37,0.200834,0.711902,60.361041,36.972913,0.132834
17,38,0.258579,0.739580,61.112625,45.126180,0.162127
17,39,0.178115,0.915809,58.304687,31.925097,0.114699
17,40,0.263349,0.675844,43.914540,19.381226,0.069632
17,41,0.259034,0.749876,42.283239,25.023083,0.089902
17,42,0.315663,0.738680,57.919518,38.325162,0.137693
17,43,0.585801,0.846289,109.347153,95.661631,0.343688
17,44,0.148939,0.710366,166.234243,26.325224,0.094580
17,45,0.148241,0.741624,116.077577,50.512328,0.181478
17,46,0.183639,0.865749,132.192502,98.707352,0.354631
17,47,0.646509,0.855361,122.183264,123.599191,0.444061
17,48,0.158594,0.878404,80.329519,30.725146,0.110388
18,19,0.156443,0.315230,30.394523,32.784951,0.117788
18,20,0.264382,0.379081,37.198400,32.273011,0.115949
18,21,0.135639,0.355993,45.077964,12.537866,0.045045
18,22,0.354567,0.588301,57.537928,37.065924,0.133169
18,23,0.556807,0.496708,49.579860,23.869682,0.085758
18,24,0.935809,0.698316,67.082571,56.272761,0.202174
18,25,0.934551,0.656547,50.197482,20.808742,0.074761
18,26,0.315808,0.677926,65.232630,55.458070,0.199247
18,27,0.152193,0.800428,175.042487,28.314016,0.101725
18,28,1.135091,0.830951,103.463643,66.389992,0.238523
18,29,1.111111,0.806122,89.063766,53.742213,0.193082
18,30,1.127894,0.856273,123.755650,84.508989,0.303620
18,31,0.266546,0.640441,57.546916,18.671360,0.067081
18,32,0.225046,0.540567,53.277840,16.285639,0.058510
18,33,0.352981,0.693002,64.082014,27.476259,0.098715
18,34,0.290592,0.672345,62.911233,24.858946,0.089312
18,35,0.346851,0.649711,54.332052,24.882071,0.089395
18,36,0.148222,0.423263,34.539790,17.651353,0.063417
18,37,0.266749,0.713951,70.429324,35.948635,0.129154
18,38,0.374610,0.740382,71.163050,43.973425,0.157985
18,39,0.217456,0.917431,68.657387,33.899325,0.121792
18,40,0.384905,0.680524,56.975031,20.391513,0.073262
18,41,0.374898,0.753162,55.734372,26.831197,0.096398
18,42,0.473391,0.738917,68.435040,37.489229,0.134689
18,43,0.849003,0.844742,115.141414,94.377853,0.339076
18,44,0.152905,0.711063,169.560068,28.007141,0.100623
18,45,0.155620,0.740084,119.822769,49.061161,0.176264
18,46,0.234484,0.864127,136.730003,97.771075,0.351267
18,47,0.909818,0.853483,127.324007,121.928915,0.438060
18,48,0.176093,0.879925,87.638616,32.671981,0.117382
19,20,0.070870,0.172921,15.528024,11.011955,0.039563
19,21,0.106439,0.311539,39.153909,22.573658,0.081101
19,22,0.150156,0.414478,40.663651,25.603027,0.091985
19,23,0.287132,0.465030,39.066483,24.145139,0.086747
19,24,0.572846,0.622431,59.537471,42.626174,0.153145
19,25,0.570810,0.740389,43.461362,48.019640,0.172522
19,26,0.194050,0.605685,58.788337,40.992430,0.147275
19,27,0.147954,0.867746,174.367631,56.582002,0.203285
19,28,0.927294,0.757697,99.848766,69.674914,0.250324
19,29,1.162901,0.734724,84.983650,61.624533,0.221401
19,30,1.157243,0.784980,120.602503,83.420352,0.299708
19,31,0.182914,0.694355,52.823757,42.826263,0.153864
19,32,0.160047,0.582594,49.086424,36.789056,0.132174
19,33,0.222431,0.660877,58.226157,45.088665,0.161992
19,34,0.197158,0.672870,57.342708,47.860138,0.171949
19,35,0.214982,0.708119,48.680951,51.956280,0.186666
19,36,0.093516,0.409574,32.109676,21.182662,0.076104
19,37,0.187840,0.678021,65.699923,36.870191,0.132465
19,38,0.232722,0.690396,66.356703,40.705861,0.146246
19,39,0.170392,0.951066,64.440573,62.729486,0.225371
19,40,0.236558,0.723714,51.363974,44.666213,0.160474
19,41,0.233025,0.824520,50.228575,55.115293,0.198015
19,42,0.277912,0.694970,63.611616,40.822392,0.146665
19,43,0.495546,0.772828,111.983520,83.309002,0.299308
19,44,0.148078,0.765914,168.534261,55.550052,0.199577
19,45,0.146894,0.679636,118.916083,42.495147,0.152674
19,46,0.172860,0.796267,134.587761,91.537043,0.328870
19,47,0.546933,0.780217,123.820365,105.954098,0.380666
19,48,0.154964,0.926508,84.855446,61.465813,0.220831
20,21,0.113971,0.339664,42.790726,19.825381,0.071228
20,22,0.122792,0.433152,41.895353,28.263371,0.101543
20,23,0.211761,0.476098,37.795922,24.081424,0.086518
20,24,0.414371,0.627885,58.839487,46.196899,0.165974
20,25,0.415839,0.754801,42.159180,44.781568,0.160889
20,26,0.168500,0.617101,58.973759,44.913955,0.161365
20,27,0.147081,0.873554,174.329038,53.182099,0.191070
20,28,0.718743,0.755471,99.421609,69.615375,0.250111
20,29,1.120208,0.733582,84.400383,60.832422,0.218556
20,30,1.070147,0.782003,120.322425,84.091587,0.302120
20,31,0.165236,0.715600,52.561584,40.434456,0.145271
20,32,0.149411,0.624975,50.376825,35.532271,0.127659
20,33,0.190107,0.676370,57.860198,43.345698,0.155730
20,34,0.175252,0.689771,56.779608,45.352328,0.162939
20,35,0.184014,0.733052,48.306542,48.928674,0.175788
20,36,0.095022,0.457639,35.722292,22.283750,0.080060
20,37,0.169797,0.686159,65.152837,37.645785,0.135252
20,38,0.196662,0.694804,65.682631,42.142598,0.151408
20,39,0.160015,0.953808,63.398031,58.996795,0.211961
20,40,0.198774,0.736016,50.283990,42.038047,0.151032
20,41,0.196925,0.832482,48.870892,51.663835,0.185615
20,42,0.224707,0.698101,62.738470,41.000886,0.147306
20,43,0.366563,0.769505,111.647151,85.845262,0.308420
20,44,0.147176,0.772898,168.525811,52.170601,0.187436
20,45,0.146059,0.681444,119.574971,44.411411,0.159559
20,46,0.160494,0.791816,134.427284,93.043489,0.334282
20,47,0.401824,0.777354,123.649033,109.490107,0.393370
20,48,0.151027,0.930333,84.436309,57.764300,0.207533
21,22,0.251717,0.361229,41.423052,35.063858,0.125976
21,23,0.535152,0.510892,55.075175,23.668726,0.085036
21,24,0.822478,0.662610,69.905709,51.420010,0.184739
21,25,0.819455,0.704144,54.834664,30.019886,0.107854
21,26,0.321979,0.652173,70.056236,51.008789,0.183262
21,27,0.152382,0.835415,177.553000,38.118326,0.136950
21,28,0.991562,0.797496,105.404721,66.482885,0.238856
21,29,1.045364,0.772375,91.321857,55.230352,0.198429
21,30,1.045859,0.824639,125.362101,83.366704,0.299516
21,31,0.267870,0.678266,62.829155,26.740034,0.096070
21,32,0.240658,0.596321,61.222200,23.294610,0.083692
21,33,0.340218,0.682550,67.776516,32.482636,0.116702
21,34,0.283768,0.677051,66.716580,32.260010,0.115902
21,35,0.341600,0.691498,59.554698,34.313054,0.123278
21,36,0.209757,0.472626,48.973819,18.573167,0.066729
21,37,0.261737,0.697791,73.908618,34.479750,0.123877
21,38,0.357937,0.716555,74.377896,41.407834,0.148768
21,39,0.214426,0.936489,72.041709,43.834859,0.157488
21,40,0.367683,0.703181,61.007593,28.247934,0.101488
21,41,0.357957,0.789993,59.703831,36.582966,0.131433
21,42,0.442245,0.715905,71.682103,36.814928,0.132267
21,43,0.743355,0.810909,116.870036,90.043286,0.323503
21,44,0.152752,0.733128,171.711905,37.319473,0.134079
21,45,0.158427,0.708969,124.014560,45.727817,0.164289
21,46,0.233753,0.832528,138.598393,94.942189,0.341103
21,47,0.791895,0.819444,128.606922,116.362011,0.418059
21,48,0.175784,0.904918,90.893035,42.576703,0.152967
22,23,0.227103,0.590001,53.096207,36.499014,0.131132
22,24,0.393903,0.640001,68.011400,49.082592,0.176341
22,25,0.393276,0.811136,54.686031,56.859917,0.204283
22,26,0.175097,0.646805,69.600607,48.323427,0.173614
22,27,0.147013,0.901426,178.089237,64.932750,0.233287
22,28,0.626598,0.728424,105.247278,75.239267,0.270316
22,29,0.985007,0.713216,91.165568,68.180230,0.244954
22,30,0.926199,0.750501,125.200248,87.774476,0.315352
22,31,0.166353,0.770042,63.528014,52.656562,0.189182
22,32,0.156481,0.708816,62.927284,48.408011,0.173918
22,33,0.186407,0.702193,67.660528,54.368872,0.195334
22,34,0.172683,0.727191,66.680050,56.945211,0.204590
22,35,0.184369,0.786849,59.897477,60.883828,0.218740
22,36,0.128569,0.603429,54.456647,36.961614,0.132794
22,37,0.167660,0.702245,73.940721,45.981241,0.165199
22,38,0.191646,0.699061,74.310034,48.641290,0.174756
22,39,0.158312,0.965242,72.158894,70.512275,0.253333
22,40,0.193957,0.776995,61.064708,53.916774,0.193709
22,41,0.191762,0.866209,59.773213,63.410030,0.227816
22,42,0.216629,0.703703,71.634058,49.239310,0.176904
22,43,0.343915,0.738437,116.763017,86.247112,0.309864
22,44,0.147039,0.808594,172.318453,63.739952,0.229002
22,45,0.146980,0.682986,125.360500,49.520100,0.177913
22,46,0.160339,0.758217,138.834963,94.619042,0.339942
22,47,0.374928,0.744564,128.159578,107.533910,0.386342
22,48,0.150667,0.946810,91.456930,69.303716,0.248991
23,24,0.205317,0.526918,44.424846,38.549378,0.138498
23,25,0.210629,0.641930,29.541404,39.160517,0.140694
23,26,0.113337,0.505770,43.680105,39.317855,0.141259
23,27,0.145705,0.840391,171.725431,47.733074,0.171493
23,28,0.501814,0.755514,93.401917,65.772995,0.236306
23,29,0.978507,0.728253,77.818450,56.512613,0.203036
23,30,0.872796,0.786129,114.859060,80.832531,0.290411
23,31,0.157580,0.708498,47.911237,36.640287,0.131639
23,32,0.151102,0.647090,48.691957,32.797334,0.117833
23,33,0.169327,0.686016,53.051807,39.932240,0.143466
23,34,0.161479,0.689332,51.660298,41.633848,0.149580
23,35,0.163134,0.716900,42.050976,45.062348,0.161898
23,36,0.135147,0.553867,42.719404,24.115603,0.086641
23,37,0.158613,0.693974,60.617770,34.700099,0.124669
23,38,0.172487,0.707729,61.018184,39.826397,0.143086
23,39,0.153406,0.945310,58.111488,55.164999,0.198194
23,40,0.173806,0.721371,43.821594,37.840477,0.135951
23,41,0.172281,0.806590,41.611109,47.556415,0.170858
23,42,0.187489,0.707734,57.614033,37.976623,0.136440
23,43,0.217255,0.760879,104.200099,82.704789,0.297137
23,44,0.145117,0.727387,165.061681,46.598004,0.167415
23,45,0.138586,0.642913,111.503922,40.448861,0.145323
23,46,0.140374,0.794272,128.211035,90.249044,0.324242
23,47,0.224821,0.753566,113.837739,105.625615,0.379486
23,48,0.144385,0.907577,78.759214,53.499800,0.192211
24,25,0.097660,0.662406,41.168643,66.010726,0.237160
24,26,0.119523,0.360752,39.932505,24.547781,0.088194
24,27,0.145450,0.874170,175.825206,74.770554,0.268632
24,28,0.300161,0.676750,95.488113,75.243312,0.270330
24,29,0.647032,0.656397,81.470172,71.230581,0.255914
24,30,0.539648,0.705227,115.470936,84.439608,0.303370
24,31,0.150385,0.776312,61.167607,65.226970,0.234344
24,32,0.147835,0.738493,62.775904,61.370550,0.220489
24,33,0.154564,0.710482,65.312426,65.615674,0.235741
24,34,0.151753,0.733491,64.097914,69.394734,0.249318
24,35,0.150816,0.789756,56.718858,74.266118,0.266819
24,36,0.142148,0.683320,60.465492,50.604194,0.181808
24,37,0.150673,0.697978,70.848522,51.105753,0.183610
24,38,0.155641,0.698264,71.347652,51.528607,0.185129
24,39,0.148825,0.964118,69.107045,84.633138,0.304066
24,40,0.156124,0.774974,57.585477,66.052671,0.237311
24,41,0.155322,0.852382,55.445586,76.711825,0.275606
24,42,0.161111,0.702859,68.552192,55.174198,0.198227
24,43,0.117563,0.597024,92.329296,66.348555,0.238374
24,44,0.144559,0.744645,168.373162,75.541070,0.271400
24,45,0.138998,0.504632,111.049548,32.955243,0.118400
24,46,0.134549,0.660154,119.516717,80.536270,0.289347
24,47,0.105049,0.495714,83.726408,72.992824,0.262245
24,48,0.140073,0.922554,85.740714,81.396715,0.292438
25,26,0.117958,0.649977,42.195919,67.111131,0.241113
25,27,0.145327,0.671239,169.124777,12.258636,0.044042
25,28,0.300129,0.878091,89.610715,68.458109,0.245953
25,29,0.631881,0.855656,72.814267,54.318050,0.195151
25,30,0.531177,0.899284,112.154499,87.841016,0.315591
25,31,0.150490,0.704408,37.624247,15.497546,0.055679
25,32,0.147989,0.706590,41.126816,19.661014,0.070637
25,33,0.154533,0.787423,43.941223,27.782883,0.099817
25,34,0.151682,0.754287,41.910301,20.408595,0.073323
25,35,0.149687,0.690014,29.611784,13.659124,0.049074
25,36,0.143388,0.716541,40.322001,31.971242,0.114865
25,37,0.150631,0.797578,52.521182,44.192134,0.158771
25,38,0.155625,0.822214,52.816755,52.718050,0.189403
25,39,0.148739,0.868339,48.738248,18.406810,0.066131
25,40,0.156129,0.716756,30.925260,16.006848,0.057509
25,41,0.155435,0.692176,27.197683,12.480868,0.044841
25,42,0.161151,0.816431,48.564119,44.198328,0.158793
25,43,0.145640,0.874393,101.141363,101.463962,0.364534
25,44,0.145144,0.637443,162.839398,13.348890,0.047959
25,45,0.141268,0.761677,110.867908,59.089382,0.212293
25,46,0.139704,0.898002,125.783621,103.003991,0.370067
25,47,0.143055,0.863422,112.130938,129.760485,0.466197
25,48,0.144055,0.759813,73.111649,16.744268,0.060158
26,27,0.145445,0.869931,173.855890,78.367663,0.281555
26,28,0.834066,0.641168,90.936774,70.974702,0.254994
26,29,1.102006,0.613776,77.318723,67.519136,0.242579
26,30,1.080744,0.676906,110.614441,79.744423,0.286502
26,31,0.188861,0.766650,62.181160,64.571064,0.231988
26,32,0.177111,0.722612,62.886303,60.428489,0.217104
26,33,0.218532,0.703969,66.294099,64.828030,0.232911
26,34,0.194731,0.724203,65.119178,68.755108,0.247020
26,35,0.205009,0.772755,56.564506,73.503065,0.264078
26,36,0.169241,0.666207,59.444701,49.254740,0.176960
26,37,0.186048,0.698665,72.193283,49.985227,0.179584
26,38,0.226438,0.699694,72.589745,50.198719,0.180351
26,39,0.168701,0.961458,70.143169,84.352701,0.303058
26,40,0.230957,0.766291,58.901214,65.419489,0.235036
26,41,0.225913,0.848893,57.031629,76.424336,0.274573
26,42,0.267157,0.702606,69.753953,54.035959,0.194138
26,43,0.402435,0.662347,101.906237,71.300948,0.256166
26,44,0.144824,0.756357,167.068428,72.724833,0.261282
26,45,0.133724,0.552239,108.196729,36.510419,0.131173
26,46,0.146920,0.720477,127.472519,86.057535,0.309183
26,47,0.438975,0.629668,105.814115,83.734143,0.300836
26,48,0.144864,0.927050,85.041916,82.093933,0.294943
27,28,1.043028,0.894843,187.977502,79.541943,0.285774
27,29,1.021904,0.905629,183.411320,63.834426,0.229341
27,30,1.023488,0.933031,201.453633,103.579029,0.372133
27,31,0.804607,0.780655,173.297254,20.674763,0.074279
27,32,0.757504,0.807168,173.728060,26.015097,0.093466
27,33,0.939878,0.866898,174.912517,32.285416,0.115993
27,34,0.828065,0.836761,174.402577,23.300148,0.083712
27,35,0.942305,0.766148,170.727828,12.507294,0.044936
27,36,0.817787,0.835887,173.079200,39.970520,0.143604
27,37,0.768524,0.874238,177.244084,51.911867,0.186506
27,38,0.963429,0.892665,177.359636,60.445742,0.217166
27,39,0.591547,0.792999,176.149458,7.802831,0.028034
27,40,0.976581,0.789590,172.089896,20.722293,0.074450
27,41,0.962796,0.694969,171.408437,7.496547,0.026933
27,42,1.040496,0.887934,176.137956,51.258338,0.184158
27,43,1.082196,0.925616,196.984937,97.896618,0.351718
27,44,0.205229,0.721770,218.622203,10.729035,0.038547
27,45,0.282879,0.858375,194.076791,61.799887,0.222031
27,46,0.660522,0.938068,206.069456,108.157575,0.388583
27,47,1.080662,0.943254,205.565863,136.877451,0.491766
27,48,0.383524,0.633284,178.045259,6.394966,0.022976
28,29,0.204788,0.103715,17.141602,14.718078,0.052878
28,30,0.140861,0.112311,22.924873,19.809026,0.071169
28,31,0.147750,0.856710,97.072821,67.973537,0.244212
28,32,0.147445,0.830890,98.600488,67.184804,0.241378
28,33,0.148960,0.773364,99.615902,70.217893,0.252275
28,34,0.147915,0.806275,98.722185,70.368306,0.252816
28,35,0.148850,0.866557,94.168459,71.619347,0.257310
28,36,0.147715,0.798431,98.646448,66.372320,0.238459
28,37,0.147554,0.761718,103.738959,69.750433,0.250596
28,38,0.149301,0.742906,103.850146,73.036023,0.262400
28,39,0.146836,0.979928,101.749971,76.985674,0.276590
28,40,0.149522,0.850020,94.557811,68.253972,0.245219
28,41,0.149282,0.916453,93.414058,72.666135,0.261071
28,42,0.151272,0.748974,101.715331,70.934526,0.254850
28,43,0.156453,0.609494,118.654674,95.259733,0.342244
28,44,0.145898,0.859919,186.332328,72.308642,0.259787
28,45,0.146023,0.672172,140.540108,69.666472,0.250294
28,46,0.146587,0.708080,155.589420,110.930078,0.398544
28,47,0.167441,0.688888,143.838052,127.208522,0.457028
28,48,0.146192,0.966754,116.324971,76.100136,0.273409
29,30,0.027633,0.213535,39.782152,34.543597,0.124106
29,31,0.146316,0.833721,81.464127,54.440910,0.195592
29,32,0.146242,0.806250,83.321968,54.221395,0.194804
29,33,0.146572,0.750443,84.481435,57.831543,0.207774
29,34,0.146354,0.781573,83.424515,56.962798,0.204653
29,35,0.146508,0.844150,78.044057,57.367453,0.206107
29,36,0.146282,0.773311,83.429567,55.428007,0.199139
29,37,0.146277,0.740191,89.308079,60.653782,0.217914
29,38,0.146642,0.724913,89.434981,65.277445,0.234525
29,39,0.146119,0.975458,86.984467,62.302799,0.223838
29,40,0.146687,0.826543,78.452939,54.712841,0.196569
29,41,0.146636,0.900324,77.072241,58.179539,0.209024
29,42,0.147042,0.729662,86.945368,61.564899,0.221187
29,43,0.146073,0.622282,110.567572,94.874533,0.340860
29,44,0.145869,0.835945,178.898570,57.932795,0.208138
29,45,0.145904,0.651373,131.548705,63.574225,0.228406
29,46,0.145965,0.722440,146.681214,107.528001,0.386321
29,47,0.149956,0.703138,134.850828,127.719297,0.458863
29,48,0.145945,0.959500,103.725497,61.429628,0.220701
30,31,0.146484,0.879461,118.528315,86.841423,0.311999
30,32,0.146381,0.856086,119.746910,85.569257,0.307429
30,33,0.146848,0.799947,120.615586,88.065198,0.316396
30,34,0.146537,0.832708,119.879701,89.114236,0.320165
30,35,0.146766,0.888392,116.112963,91.093495,0.327276
30,36,0.146442,0.825529,119.741252,82.978795,0.298122
30,37,0.146428,0.787711,124.040901,84.529232,0.303692
30,38,0.146949,0.766792,124.135628,86.372199,0.310314
30,39,0.146206,0.983882,122.386927,96.836767,0.347910
30,40,0.147013,0.873449,116.473578,87.127800,0.313028
30,41,0.146940,0.931439,115.545957,92.341775,0.331761
30,42,0.147525,0.773707,122.356609,85.947820,0.308789
30,43,0.146943,0.607854,132.139390,99.252280,0.356588
30,44,0.145870,0.883135,198.260047,91.887573,0.330129
30,45,0.145915,0.701213,154.740070,81.404759,0.292467
30,46,0.146015,0.700323,169.482287,118.250695,0.424845
30,47,0.151882,0.682049,157.915596,129.125651,0.463916
30,48,0.145970,0.973216,134.732047,95.938795,0.344684
31,32,0.170755,0.560150,43.595771,15.480904,0.055619
31,33,0.242393,0.693336,51.506983,25.595390,0.091958
31,34,0.209938,0.663521,50.036958,20.575520,0.073923
31,35,0.240691,0.602371,40.681028,17.544478,0.063033
31,36,0.182469,0.588883,44.315583,25.097006,0.090167
31,37,0.079917,0.427881,29.510759,32.868498,0.118088
31,38,0.102130,0.498376,34.703518,39.682926,0.142571
31,39,0.094997,0.822284,33.260791,25.118826,0.090246
31,40,0.099546,0.225672,15.859600,5.586716,0.020072
31,41,0.114340,0.499438,20.805600,15.813395,0.056814
31,42,0.150033,0.546339,36.914497,31.631720,0.113645
31,43,0.583905,0.865260,109.408164,98.942835,0.355477
31,44,0.149637,0.695073,167.062865,20.856426,0.074932
31,45,0.154005,0.775270,119.983829,54.387135,0.195399
31,46,0.191083,0.882937,132.489051,101.013396,0.362916
31,47,0.640984,0.872118,122.139570,127.728746,0.458897
31,48,0.151919,0.820763,76.654019,23.421386,0.084147
32,33,0.190874,0.542349,41.665596,20.707843,0.074398
32,34,0.141847,0.506218,36.345093,19.672504,0.070678
32,35,0.212586,0.431215,34.773584,20.286222,0.072883
32,36,0.148520,0.369186,33.864387,16.585415,0.059587
32,37,0.202495,0.647875,58.443698,35.426293,0.127278
32,38,0.268667,0.689228,59.838166,43.856897,0.157567
32,39,0.178126,0.907494,58.540051,30.907419,0.111043
32,40,0.272611,0.608979,43.971592,17.631901,0.063347
32,41,0.269513,0.724318,43.673186,24.026828,0.086322
32,42,0.332648,0.699634,57.640042,37.412008,0.134412
32,43,0.648121,0.846118,111.284279,96.540604,0.346846
32,44,0.150509,0.715381,168.085190,25.980022,0.093340
32,45,0.154313,0.752765,120.472288,51.837240,0.186238
32,46,0.200451,0.864539,134.102770,99.339708,0.356903
32,47,0.710055,0.857665,124.323438,124.906048,0.448756
32,48,0.162833,0.877852,82.540961,29.956863,0.107627
33,34,0.032487,0.140283,10.791750,10.386829,0.037317
33,35,0.188078,0.582260,41.141769,24.987392,0.089773
33,36,0.165166,0.529530,46.960501,27.852982,0.100069
33,37,0.178087,0.679898,64.078039,42.434414,0.152456
33,38,0.213530,0.694312,64.673709,49.937452,0.179413
33,39,0.164122,0.947846,62.539578,36.453826,0.130969
33,40,0.216586,0.715749,49.043086,27.101859,0.097370
33,41,0.213852,0.817009,47.811632,30.980918,0.111307
33,42,0.248873,0.698034,61.793037,43.653661,0.156837
33,43,0.424651,0.789567,112.341736,98.975448,0.355594
33,44,0.147984,0.764075,169.107730,32.283396,0.115986
33,45,0.150373,0.715516,122.751513,56.063114,0.201421
33,46,0.172925,0.809324,135.175897,101.587977,0.364980
33,47,0.464145,0.804168,125.510728,127.141376,0.456787
33,48,0.154283,0.924331,84.658219,35.532053,0.127658
34,35,0.216657,0.537253,40.320200,17.406554,0.062537
34,36,0.184311,0.530660,46.994842,29.938278,0.107561
34,37,0.195593,0.691678,62.965861,44.148078,0.158613
34,38,0.245697,0.713970,63.536779,52.275122,0.187811
34,39,0.174168,0.932639,61.068421,27.185736,0.097672
34,40,0.250373,0.689551,47.387081,21.755011,0.078160
34,41,0.245977,0.781876,45.929480,22.281896,0.080053
34,42,0.293451,0.714852,60.493272,44.691783,0.160566
34,43,0.509609,0.822625,111.557161,102.306970,0.367563
34,44,0.149003,0.735522,168.578688,23.981781,0.086161
34,45,0.152736,0.737922,122.050793,58.734557,0.211018
34,46,0.186725,0.841626,134.521227,103.841792,0.373077
34,47,0.554553,0.836844,124.836446,131.455838,0.472288
34,48,0.158769,0.903711,83.589792,26.290172,0.094454
35,36,0.152748,0.444906,35.827129,32.164235,0.115558
35,37,0.177716,0.740779,56.031003,47.698382,0.171368
35,38,0.213963,0.773281,56.737784,56.265538,0.202148
35,39,0.164284,0.887805,53.632744,15.914935,0.057178
35,40,0.216588,0.663080,37.557770,18.669070,0.067073
35,41,0.214407,0.711400,35.605086,12.309323,0.044224
35,42,0.250678,0.772200,53.253177,47.656028,0.171216
35,43,0.437209,0.881270,107.572243,106.680116,0.383275
35,44,0.148034,0.704782,165.733743,15.051731,0.054077
35,45,0.149292,0.797247,117.496571,62.869881,0.225876
35,46,0.171737,0.896765,131.137330,107.112888,0.384830
35,47,0.481149,0.892229,121.265979,136.646338,0.490936
35,48,0.154260,0.847662,78.112961,15.036725,0.054023
36,37,0.191960,0.615144,57.592476,29.972046,0.107682
36,38,0.251044,0.654349,59.139500,37.276296,0.133924
36,39,0.172133,0.926208,58.896349,45.276325,0.162666
36,40,0.253984,0.622580,43.776355,27.606252,0.099182
36,41,0.251888,0.759887,44.058362,37.764416,0.135678
36,42,0.310783,0.670669,57.359552,34.041433,0.122302
36,43,0.633122,0.813734,111.019191,88.994240,0.319734
36,44,0.149489,0.734124,167.440518,39.166843,0.140717
36,45,0.149726,0.715418,118.068299,44.654405,0.160432
36,46,0.187864,0.834764,133.601175,94.265310,0.338672
36,47,0.703411,0.824047,123.634350,115.103173,0.413537
36,48,0.158960,0.900500,82.084275,44.295569,0.159143
37,38,0.081628,0.176531,19.126204,11.405845,0.040978
37,39,0.086713,0.914265,45.805023,58.510618,0.210214
37,40,0.105875,0.389591,26.596626,30.724745,0.110386
37,41,0.125912,0.682732,37.107207,45.451947,0.163297
37,42,0.153787,0.300313,30.133790,17.962353,0.064534
37,43,0.589010,0.759140,113.496255,85.420923,0.306896
37,44,0.149769,0.759671,170.895787,50.214106,0.180407
37,45,0.154977,0.683871,124.852954,44.702887,0.160606
37,46,0.196160,0.785167,136.239019,92.524490,0.332417
37,47,0.642576,0.755567,123.310562,108.604378,0.390188
37,48,0.155813,0.910503,85.894930,53.765323,0.193165
38,39,0.107589,0.926223,55.942951,69.252325,0.248806
38,40,0.070091,0.457670,31.022989,38.632190,0.138796
38,41,0.089953,0.731991,42.289884,53.526059,0.192306
38,42,0.068801,0.206988,20.148513,15.975353,0.057395
38,43,0.418926,0.746190,114.491997,85.198822,0.306098
38,44,0.147821,0.788961,171.246495,58.881485,0.211546
38,45,0.150349,0.690920,125.475843,47.480176,0.170584
38,46,0.169670,0.767974,136.913676,93.183434,0.334785
38,47,0.460693,0.749416,125.429556,107.216542,0.385202
38,48,0.147598,0.923266,86.392850,61.665234,0.221548
39,40,0.203863,0.823433,33.044174,25.909320,0.093086
39,41,0.177134,0.707947,26.920676,10.170965,0.036542
39,42,0.320652,0.919183,55.405011,64.080505,0.230225
39,43,0.744978,0.981908,114.209086,115.119358,0.413595
39,44,0.153154,0.889754,169.973504,13.537045,0.048635
39,45,0.162604,0.963445,124.562282,72.253524,0.259589
39,46,0.233977,0.984697,136.421985,113.933708,0.409335
39,47,0.796770,0.983451,127.250053,145.967799,0.524426
39,48,0.165169,0.613290,81.410824,2.500505,0.008984
40,41,0.050508,0.487951,14.978113,16.090458,0.057809
40,42,0.052311,0.474679,29.779049,30.389531,0.109182
40,43,0.411394,0.859807,107.304713,99.431161,0.357231
40,44,0.147803,0.698962,165.894559,20.984102,0.075391
40,45,0.150185,0.771128,118.468630,55.056491,0.197804
40,46,0.168368,0.877547,130.860799,101.395171,0.364287
40,47,0.452868,0.867865,120.376304,128.315226,0.461004
40,48,0.146886,0.818932,75.095191,23.324757,0.083800
41,42,0.103697,0.727471,39.699113,44.160997,0.158659
41,43,0.422654,0.910235,105.127222,107.771572,0.387196
41,44,0.147300,0.672085,164.436907,11.008922,0.039552
41,45,0.150258,0.832625,116.902628,64.247099,0.230824
41,46,0.169273,0.926824,129.285496,107.848031,0.387471
41,47,0.468225,0.903406,116.984197,137.330503,0.493394
41,48,0.147203,0.657965,73.597159,9.939518,0.035710
42,43,0.340504,0.757298,113.256350,89.095291,0.320097
42,44,0.147177,0.784446,170.089348,50.083532,0.179938
42,45,0.148822,0.698323,124.099370,48.868711,0.175573
42,46,0.160687,0.777883,135.815759,95.181127,0.341962
42,47,0.373566,0.765542,125.216633,113.599843,0.408136
42,48,0.145642,0.920355,84.353455,53.480846,0.192143
43,44,0.140542,0.834609,185.306399,126.386303,0.454074
43,45,0.138644,0.379536,114.528844,46.965433,0.168735
43,46,0.116214,0.184677,51.837286,26.642072,0.095718
43,47,0.111137,0.523987,116.497741,87.319389,0.313717
43,48,0.136541,0.949993,122.381366,105.381101,0.378608
44,45,0.236987,0.669170,167.422676,73.878027,0.265425
44,46,0.491814,0.789476,170.417711,119.077030,0.427814
44,47,1.031202,0.862468,197.155598,125.210409,0.449849
44,48,0.298888,0.745056,144.423081,11.781515,0.042328
45,46,0.350065,0.477588,121.155651,60.298186,0.216636
45,47,0.958558,0.611289,141.008173,98.560457,0.354103
45,48,0.111674,0.897744,71.898287,66.078883,0.237405
46,47,0.644365,0.569433,141.251050,103.792280,0.372900
46,48,0.119682,0.958407,133.816183,108.106321,0.388399
47,48,0.144256,0.966427,137.664260,152.218498,0.546883
